108.206.32.124, Santa Clara, CA
109.63.206.34, San Jose, CA
113.72.144.115, New York, New York
123.125.71.19, Palo Alto, CA
123.125.71.27, Redwood, CA
123.125.71.28, Los Altos, CA
123.125.71.58, Mountain View, CA
142.54.173.19, Houston, TX
144.76.137.226, Dallas, TX
144.76.201.175, Bedminister, NJ
162.210.196.97, Milipitas, CA
188.138.17.205, Santa Barbara, CA
195.110.40.7, Orlando, FL
201.91.5.170, Tampa, FL
220.181.108.158, Miami, FL
220.181.108.161, Chicago, IL
220.181.108.184, Philadelphia, PA
222.205.101.211, Indianpolis, IN
24.4.216.155, Denver, CO
66.249.75.153, San Diego, CA
77.75.77.11, Austin, TX
